1,vattene,1
2,vattene,1
3,vattene,1
4,vattene,1
5,vattene,1
6,vattene,1
7,vattene,1
8,vattene,1
9,vattene,1
10,vattene,1
11,vattene,1
12,vattene,1
13,vattene,1
14,vattene,1
15,vattene,1
16,vattene,1
17,vattene,1
18,vattene,1
19,vattene,1
20,vattene,1
21,vattene,1
22,vattene,1
23,vattene,1
24,vattene,1
25,vattene,1
26,vattene,1
27,vattene,1
28,vattene,1
29,vattene,1
30,vattene,1
31,vattene,1
249,combinato,2
250,combinato,2
251,combinato,2
252,combinato,2
253,combinato,2
254,combinato,2
255,combinato,2
256,combinato,2
257,combinato,2
258,combinato,2
259,combinato,2
260,combinato,2
261,combinato,2
262,combinato,2
263,combinato,2
264,combinato,2
265,combinato,2
266,combinato,2
267,combinato,2
268,combinato,2
269,combinato,2
270,combinato,2
271,combinato,2
272,combinato,2
273,combinato,2
274,combinato,2
275,combinato,2
276,combinato,2
277,combinato,2
278,combinato,2
279,combinato,2
559,daccordo,3
560,daccordo,3
561,daccordo,3
562,daccordo,3
563,daccordo,3
564,daccordo,3
565,daccordo,3
566,daccordo,3
567,daccordo,3
568,daccordo,3
569,daccordo,3
570,daccordo,3
571,daccordo,3
572,daccordo,3
573,daccordo,3
574,daccordo,3
575,daccordo,3
576,daccordo,3
577,daccordo,3
578,daccordo,3
579,daccordo,3
580,daccordo,3
581,daccordo,3
582,daccordo,3
583,daccordo,3
584,daccordo,3
585,daccordo,3
586,daccordo,3
587,daccordo,3
588,daccordo,3
589,daccordo,3
